id;nombre;apellido;identificacion
1;Credit Card Account;Tools Handmade;generating Maine input
2;compress Kuwait artificial intelligence;world-class card;Chips
3;AGP Investor Advanced;Wisconsin;incubate
4;Keys Usability transmit;Gloves transmitter;synthesize Specialist
5;azure bottom-line override;driver;feed
6;payment Auto Loan Account;Practical;tan transitional Flat
7;Avon Shoal dynamic;Product;Intelligent Granite Solutions
8;Frozen;invoice;deposit instruction set
9;Dynamic pixel New Mexico;seamless Ball;revolutionize panel
10;Ports alliance auxiliary;Assurance Cambridgeshire multi-state;calculate
