id;nombre;apellido;direccion;user_id
1;Buckinghamshire Internal;SDD multimedia Soft;synthesize;1
2;Kids;Data Rustic Soft Bike;Internal Papua New Guinea;2
3;South Dakota FTP;Somoni redundant;program California;1
4;generate;even-keeled SCSI;Intelligent;2
5;payment indigo;cross-platform deposit Solutions;capacitor Facilitator;1
6;Balboa US Dollar;Fantastic Concrete Towels bluetooth;Honduras 4th generation;2
7;azure;Bedfordshire interactive Front-line;synthesize Credit Card Account Corporate;1
8;Frozen Gloves virtual;Auto Loan Account radical;Bedfordshire;1
9;innovate;auxiliary Turkmenistan;Nakfa Romania generating;2
10;collaborative;Investment Account demand-driven;methodology open-source Executive;2
